{
    "locations": {
        "corridor": {
            "frame_id": "map",
            "x": 1.5610082250424882,
            "y": 0.285580970153352,
            "yaw": 0.0,
            "aliases": ["hallway", "passage", "hall"]
        },
        "living_room": {
            "frame_id": "map",
            "x": -0.12302362233525191,
            "y": -0.0026456069078263735,
            "yaw": 0.0,
            "aliases": ["living room", "living space"]
        },
        "kitchen": {
            "frame_id": "map",
            "x": 7.91571588540369,
            "y": -4.27366745354795,
            "yaw": 0.0,
            "aliases": ["kitchen"]
        },
        "refrigerator": {
            "frame_id": "map",
            "x": 7.912405502167188,
            "y": -1.2821508877220351,
            "yaw": 0.0,
            "aliases": ["refrigerator", "fridge"]
        },
        "gym": {
            "frame_id": "map",
            "x": 2.35379575854586,
            "y": 4.125599627744856,
            "yaw": 0.0,
            "aliases": ["gym", "exercise room"]
        },
        "tea table": {
            "frame_id": "map",
            "x": -0.46565164584372637,
            "y": 4.733301028215364,
            "yaw": 0.0,
            "aliases": ["tea table", "coffee table"]
        },
        "bedroom": {
            "frame_id": "map",
            "x": -5.7201136691259284,
            "y": 0.6235689902420261,
            "yaw": 0.0,
            "aliases": ["bedroom"]
        },
        "dining": {
            "frame_id": "map",
            "x": 6.796589748098804,
            "y": -0.6073232520050683,
            "yaw": 0.0,
            "aliases": ["dining area", "dining room"]
        },
        "second_bedroom": {
            "frame_id": "map",
            "x": -5.172165057225223,
            "y": -3.4055816823607694,
            "yaw": 0.0,
            "aliases": ["second bedroom"]
        },
        "bedroom_door": {
            "frame_id": "map",
            "x": -2.5878587288949877,
            "y": -1.3945694077447757,
            "yaw": 0.0,
            "aliases": ["bedroom door", "bedroom entrance"]
        },
        "shoe_rack": {
            "frame_id": "map",
            "x": 4.101495596199826,
            "y": -4.54135933451702,
            "yaw": 0.0,
            "aliases": ["shoe rack", "shoe storage"]
        },
        "main_entrance": {
            "frame_id": "map",
            "x": 5.934540801938378,
            "y": -4.705002489343168,
            "yaw": 0.0,
            "aliases": ["main entrance", "front door"]
        },
        "secret garden": {
            "frame_id": "map",
            "x": 50.0,
            "y": 50.0,
            "yaw": 0.0,
            "aliases": ["secret garden", "hidden garden"]
        }
    }
}
